{
"lengthUnit": "mil",
"remark": [],
"components": {
	"fields": ["COMPONENT_NO", "COMPONENT_NAME", "LAYER", "X_COORDINATE", "Y_COORDINATE", "ANGLE"],
	"rows": [
		[1, "H5", "T", 1020, -1520, 180],
		[2, "J1", "B", 1720, -95, 180],
		[3, "J2", "B", 1720, -805, 180],
		[4, "J3", "T", 2311.685, -2174.071, 0],
		[5, "J4", "T", 764, -2174.071, 0],
		[6, "U1", "T", 2170, -395, 270],
		[7, "PAD1", "T", 1270, -1520, 0],
		[8, "PAD1", "B", 1270, -1520, 0],
		[9, "PAD2", "T", 1170, -1520, 0],
		[10, "PAD2", "B", 1170, -1520, 0],
		[11, "PAD3", "T", 1070, -1520, 0],
		[12, "PAD3", "B", 1070, -1520, 0],
		[13, "PAD4", "T", 970, -1520, 0],
		[14, "PAD4", "B", 970, -1520, 0],
		[15, "PAD5", "T", 870, -1520, 0],
		[16, "PAD5", "B", 870, -1520, 0],
		[17, "PAD6", "T", 770, -1520, 0],
		[18, "PAD6", "B", 770, -1520, 0],
		[19, "PAD7", "T", 870, -805, 0],
		[20, "PAD7", "B", 870, -805, 0],
		[21, "PAD8", "T", 970, -805, 0],
		[22, "PAD8", "B", 970, -805, 0],
		[23, "PAD9", "T", 2270, -805, 0],
		[24, "PAD9", "B", 2270, -805, 0],
		[25, "PAD10", "T", 2570, -805, 0],
		[26, "PAD10", "B", 2570, -805, 0],
		[27, "PAD11", "T", 770, -95, 0],
		[28, "PAD11", "B", 770, -95, 0],
		[29, "PAD12", "T", 1070, -95, 0],
		[30, "PAD12", "B", 1070, -95, 0],
		[31, "PAD13", "T", 1170, -95, 0],
		[32, "PAD13", "B", 1170, -95, 0],
		[33, "PAD14", "T", 1270, -95, 0],
		[34, "PAD14", "B", 1270, -95, 0],
		[35, "PAD15", "T", 1370, -95, 0],
		[36, "PAD15", "B", 1370, -95, 0],
		[37, "PAD16", "T", 1570, -95, 0],
		[38, "PAD16", "B", 1570, -95, 0],
		[39, "PAD17", "T", 1670, -95, 0],
		[40, "PAD17", "B", 1670, -95, 0],
		[41, "PAD18", "T", 770, -395, 0],
		[42, "PAD18", "B", 770, -395, 0],
		[43, "PAD19", "T", 970, -395, 0],
		[44, "PAD19", "B", 970, -395, 0],
		[45, "PAD20", "T", 1070, -395, 0],
		[46, "PAD20", "B", 1070, -395, 0],
		[47, "PAD21", "T", 1370, -395, 0],
		[48, "PAD21", "B", 1370, -395, 0],
		[49, "PAD22", "T", 1470, -395, 0],
		[50, "PAD22", "B", 1470, -395, 0],
		[51, "PAD23", "T", 1570, -395, 0],
		[52, "PAD23", "B", 1570, -395, 0],
		[53, "PAD24", "T", 1670, -395, 0],
		[54, "PAD24", "B", 1670, -395, 0],
		[55, "PAD25", "T", 1770, -395, 0],
		[56, "PAD25", "B", 1770, -395, 0],
		[57, "PAD26", "T", 1870, -395, 0],
		[58, "PAD26", "B", 1870, -395, 0],
		[59, "PAD27", "T", 1970, -395, 0],
		[60, "PAD27", "B", 1970, -395, 0],
		[61, "PAD28", "T", 2070, -395, 0],
		[62, "PAD28", "B", 2070, -395, 0],
		[63, "PAD29", "T", 2170, -395, 0],
		[64, "PAD29", "B", 2170, -395, 0],
		[65, "PAD30", "T", 770, -1295, 0],
		[66, "PAD30", "B", 770, -1295, 0],
		[67, "PAD31", "T", 1970, -1295, 0],
		[68, "PAD31", "B", 1970, -1295, 0],
		[69, "PAD32", "T", 2070, -1295, 0],
		[70, "PAD32", "B", 2070, -1295, 0]
	]
},
"pins": {
	"fields": ["PIN_NO", "PIN_NAME", "PIN_X", "PIN_Y", "LAYER", "PIN_TYPE", "NET_NAME", "NET_TYPE", "PAD_SHAPE", "PAD_SIZEX", "PAD_SIZEY", "HOLE_SIZE", "HOLE_LEN", "PAD_ANGLE"],
	"rows": [
		[1, "H5_1", 1270, -1520, "T", "DIP", "$1N5233", "", "R", 70.866, 70.866, 39.3701, 43.308, 180],
		[2, "H5_1", 1270, -1520, "B", "DIP", "$1N5233", "", "R", 70.866, 70.866, 39.3701, 43.308, 180],
		[3, "H5_2", 1170, -1520, "T", "DIP", "$1N5467", "", "C", 70.866, 70.866, 39.3701, 43.308, 180],
		[4, "H5_2", 1170, -1520, "B", "DIP", "$1N5467", "", "C", 70.866, 70.866, 39.3701, 43.308, 180],
		[5, "H5_3", 1070, -1520, "T", "DIP", "$1N5476", "", "C", 70.866, 70.866, 39.3701, 43.308, 180],
		[6, "H5_3", 1070, -1520, "B", "DIP", "$1N5476", "", "C", 70.866, 70.866, 39.3701, 43.308, 180],
		[7, "H5_4", 970, -1520, "T", "DIP", "$1N5482", "", "C", 70.866, 70.866, 39.3701, 43.308, 180],
		[8, "H5_4", 970, -1520, "B", "DIP", "$1N5482", "", "C", 70.866, 70.866, 39.3701, 43.308, 180],
		[9, "H5_5", 870, -1520, "T", "DIP", "$1N5499", "", "C", 70.866, 70.866, 39.3701, 43.308, 180],
		[10, "H5_5", 870, -1520, "B", "DIP", "$1N5499", "", "C", 70.866, 70.866, 39.3701, 43.308, 180],
		[11, "H5_6", 770, -1520, "T", "DIP", "$1N5261", "", "C", 70.866, 70.866, 39.3701, 43.308, 180],
		[12, "H5_6", 770, -1520, "B", "DIP", "$1N5261", "", "C", 70.866, 70.866, 39.3701, 43.308, 180],
		[13, "J1_1", 2670, -95, "T", "DIP", "NET_1", "", "R", 70.866, 70.866, 39.3701, 47.244, 180],
		[14, "J1_1", 2670, -95, "B", "DIP", "NET_1", "", "R", 70.866, 70.866, 39.3701, 47.244, 180],
		[15, "J1_2", 2570, -95, "T", "DIP", "NET_2", "", "C", 70.866, 70.866, 39.3701, 47.244, 180],
		[16, "J1_2", 2570, -95, "B", "DIP", "NET_2", "", "C", 70.866, 70.866, 39.3701, 47.244, 180],
		[17, "J1_3", 2470, -95, "T", "DIP", "NET_3", "", "C", 70.866, 70.866, 39.3701, 47.244, 180],
		[18, "J1_3", 2470, -95, "B", "DIP", "NET_3", "", "C", 70.866, 70.866, 39.3701, 47.244, 180],
		[19, "J1_4", 2370, -95, "T", "DIP", "NET_4", "", "C", 70.866, 70.866, 39.3701, 47.244, 180],
		[20, "J1_4", 2370, -95, "B", "DIP", "NET_4", "", "C", 70.866, 70.866, 39.3701, 47.244, 180],
		[21, "J1_5", 2270, -95, "T", "DIP", "NET_5", "", "C", 70.866, 70.866, 39.3701, 47.244, 180],
		[22, "J1_5", 2270, -95, "B", "DIP", "NET_5", "", "C", 70.866, 70.866, 39.3701, 47.244, 180],
		[23, "J1_6", 2170, -95, "T", "DIP", "NET_6", "", "C", 70.866, 70.866, 39.3701, 47.244, 180],
		[24, "J1_6", 2170, -95, "B", "DIP", "NET_6", "", "C", 70.866, 70.866, 39.3701, 47.244, 180],
		[25, "J1_7", 2070, -95, "T", "DIP", "NET_7", "", "C", 70.866, 70.866, 39.3701, 47.244, 180],
		[26, "J1_7", 2070, -95, "B", "DIP", "NET_7", "", "C", 70.866, 70.866, 39.3701, 47.244, 180],
		[27, "J1_8", 1970, -95, "T", "DIP", "NET_8", "", "C", 70.866, 70.866, 39.3701, 47.244, 180],
		[28, "J1_8", 1970, -95, "B", "DIP", "NET_8", "", "C", 70.866, 70.866, 39.3701, 47.244, 180],
		[29, "J1_9", 1870, -95, "T", "DIP", "NET_9", "", "C", 70.866, 70.866, 39.3701, 47.244, 180],
		[30, "J1_9", 1870, -95, "B", "DIP", "NET_9", "", "C", 70.866, 70.866, 39.3701, 47.244, 180],
		[31, "J1_10", 1770, -95, "T", "DIP", "NET_10", "", "C", 70.866, 70.866, 39.3701, 47.244, 180],
		[32, "J1_10", 1770, -95, "B", "DIP", "NET_10", "", "C", 70.866, 70.866, 39.3701, 47.244, 180],
		[33, "J1_11", 1670, -95, "T", "DIP", "$1N5194", "", "C", 70.866, 70.866, 39.3701, 47.244, 180],
		[34, "J1_11", 1670, -95, "B", "DIP", "$1N5194", "", "C", 70.866, 70.866, 39.3701, 47.244, 180],
		[35, "J1_12", 1570, -95, "T", "DIP", "$1N5187", "", "C", 70.866, 70.866, 39.3701, 47.244, 180],
		[36, "J1_12", 1570, -95, "B", "DIP", "$1N5187", "", "C", 70.866, 70.866, 39.3701, 47.244, 180],
		[37, "J1_13", 1470, -95, "T", "DIP", "NET_11", "", "C", 70.866, 70.866, 39.3701, 47.244, 180],
		[38, "J1_13", 1470, -95, "B", "DIP", "NET_11", "", "C", 70.866, 70.866, 39.3701, 47.244, 180],
		[39, "J1_14", 1370, -95, "T", "DIP", "$1N5180", "", "C", 70.866, 70.866, 39.3701, 47.244, 180],
		[40, "J1_14", 1370, -95, "B", "DIP", "$1N5180", "", "C", 70.866, 70.866, 39.3701, 47.244, 180],
		[41, "J1_15", 1270, -95, "T", "DIP", "$1N5170", "", "C", 70.866, 70.866, 39.3701, 47.244, 180],
		[42, "J1_15", 1270, -95, "B", "DIP", "$1N5170", "", "C", 70.866, 70.866, 39.3701, 47.244, 180],
		[43, "J1_16", 1170, -95, "T", "DIP", "$1N5164", "", "C", 70.866, 70.866, 39.3701, 47.244, 180],
		[44, "J1_16", 1170, -95, "B", "DIP", "$1N5164", "", "C", 70.866, 70.866, 39.3701, 47.244, 180],
		[45, "J1_17", 1070, -95, "T", "DIP", "$1N5156", "", "C", 70.866, 70.866, 39.3701, 47.244, 180],
		[46, "J1_17", 1070, -95, "B", "DIP", "$1N5156", "", "C", 70.866, 70.866, 39.3701, 47.244, 180],
		[47, "J1_18", 970, -95, "T", "DIP", "NET_12", "", "C", 70.866, 70.866, 39.3701, 47.244, 180],
		[48, "J1_18", 970, -95, "B", "DIP", "NET_12", "", "C", 70.866, 70.866, 39.3701, 47.244, 180],
		[49, "J1_19", 870, -95, "T", "DIP", "NET_13", "", "C", 70.866, 70.866, 39.3701, 47.244, 180],
		[50, "J1_19", 870, -95, "B", "DIP", "NET_13", "", "C", 70.866, 70.866, 39.3701, 47.244, 180],
		[51, "J1_20", 770, -95, "T", "DIP", "$1N5150", "", "C", 70.866, 70.866, 39.3701, 47.244, 180],
		[52, "J1_20", 770, -95, "B", "DIP", "$1N5150", "", "C", 70.866, 70.866, 39.3701, 47.244, 180],
		[53, "J2_1", 2670, -805, "T", "DIP", "NET_14", "", "R", 70.866, 70.866, 39.3701, 47.244, 180],
		[54, "J2_1", 2670, -805, "B", "DIP", "NET_14", "", "R", 70.866, 70.866, 39.3701, 47.244, 180],
		[55, "J2_2", 2570, -805, "T", "DIP", "$1N5233", "", "C", 70.866, 70.866, 39.3701, 47.244, 180],
		[56, "J2_2", 2570, -805, "B", "DIP", "$1N5233", "", "C", 70.866, 70.866, 39.3701, 47.244, 180],
		[57, "J2_3", 2470, -805, "T", "DIP", "NET_15", "", "C", 70.866, 70.866, 39.3701, 47.244, 180],
		[58, "J2_3", 2470, -805, "B", "DIP", "NET_15", "", "C", 70.866, 70.866, 39.3701, 47.244, 180],
		[59, "J2_4", 2370, -805, "T", "DIP", "NET_16", "", "C", 70.866, 70.866, 39.3701, 47.244, 180],
		[60, "J2_4", 2370, -805, "B", "DIP", "NET_16", "", "C", 70.866, 70.866, 39.3701, 47.244, 180],
		[61, "J2_5", 2270, -805, "T", "DIP", "$1N5227", "", "C", 70.866, 70.866, 39.3701, 47.244, 180],
		[62, "J2_5", 2270, -805, "B", "DIP", "$1N5227", "", "C", 70.866, 70.866, 39.3701, 47.244, 180],
		[63, "J2_6", 2170, -805, "T", "DIP", "NET_17", "", "C", 70.866, 70.866, 39.3701, 47.244, 180],
		[64, "J2_6", 2170, -805, "B", "DIP", "NET_17", "", "C", 70.866, 70.866, 39.3701, 47.244, 180],
		[65, "J2_7", 2070, -805, "T", "DIP", "NET_18", "", "C", 70.866, 70.866, 39.3701, 47.244, 180],
		[66, "J2_7", 2070, -805, "B", "DIP", "NET_18", "", "C", 70.866, 70.866, 39.3701, 47.244, 180],
		[67, "J2_8", 1970, -805, "T", "DIP", "NET_19", "", "C", 70.866, 70.866, 39.3701, 47.244, 180],
		[68, "J2_8", 1970, -805, "B", "DIP", "NET_19", "", "C", 70.866, 70.866, 39.3701, 47.244, 180],
		[69, "J2_9", 1870, -805, "T", "DIP", "NET_20", "", "C", 70.866, 70.866, 39.3701, 47.244, 180],
		[70, "J2_9", 1870, -805, "B", "DIP", "NET_20", "", "C", 70.866, 70.866, 39.3701, 47.244, 180],
		[71, "J2_10", 1770, -805, "T", "DIP", "NET_21", "", "C", 70.866, 70.866, 39.3701, 47.244, 180],
		[72, "J2_10", 1770, -805, "B", "DIP", "NET_21", "", "C", 70.866, 70.866, 39.3701, 47.244, 180],
		[73, "J2_11", 1670, -805, "T", "DIP", "NET_22", "", "C", 70.866, 70.866, 39.3701, 47.244, 180],
		[74, "J2_11", 1670, -805, "B", "DIP", "NET_22", "", "C", 70.866, 70.866, 39.3701, 47.244, 180],
		[75, "J2_12", 1570, -805, "T", "DIP", "NET_23", "", "C", 70.866, 70.866, 39.3701, 47.244, 180],
		[76, "J2_12", 1570, -805, "B", "DIP", "NET_23", "", "C", 70.866, 70.866, 39.3701, 47.244, 180],
		[77, "J2_13", 1470, -805, "T", "DIP", "NET_24", "", "C", 70.866, 70.866, 39.3701, 47.244, 180],
		[78, "J2_13", 1470, -805, "B", "DIP", "NET_24", "", "C", 70.866, 70.866, 39.3701, 47.244, 180],
		[79, "J2_14", 1370, -805, "T", "DIP", "NET_25", "", "C", 70.866, 70.866, 39.3701, 47.244, 180],
		[80, "J2_14", 1370, -805, "B", "DIP", "NET_25", "", "C", 70.866, 70.866, 39.3701, 47.244, 180],
		[81, "J2_15", 1270, -805, "T", "DIP", "NET_26", "", "C", 70.866, 70.866, 39.3701, 47.244, 180],
		[82, "J2_15", 1270, -805, "B", "DIP", "NET_26", "", "C", 70.866, 70.866, 39.3701, 47.244, 180],
		[83, "J2_16", 1170, -805, "T", "DIP", "NET_27", "", "C", 70.866, 70.866, 39.3701, 47.244, 180],
		[84, "J2_16", 1170, -805, "B", "DIP", "NET_27", "", "C", 70.866, 70.866, 39.3701, 47.244, 180],
		[85, "J2_17", 1070, -805, "T", "DIP", "NET_28", "", "C", 70.866, 70.866, 39.3701, 47.244, 180],
		[86, "J2_17", 1070, -805, "B", "DIP", "NET_28", "", "C", 70.866, 70.866, 39.3701, 47.244, 180],
		[87, "J2_18", 970, -805, "T", "DIP", "$1N5261", "", "C", 70.866, 70.866, 39.3701, 47.244, 180],
		[88, "J2_18", 970, -805, "B", "DIP", "$1N5261", "", "C", 70.866, 70.866, 39.3701, 47.244, 180],
		[89, "J2_19", 870, -805, "T", "DIP", "$1N5212", "", "C", 70.866, 70.866, 39.3701, 47.244, 180],
		[90, "J2_19", 870, -805, "B", "DIP", "$1N5212", "", "C", 70.866, 70.866, 39.3701, 47.244, 180],
		[91, "J2_20", 770, -805, "T", "DIP", "NET_29", "", "C", 70.866, 70.866, 39.3701, 47.244, 180],
		[92, "J2_20", 770, -805, "B", "DIP", "NET_29", "", "C", 70.866, 70.866, 39.3701, 47.244, 180],
		[93, "J3_1", 1611.685, -2174.071, "T", "DIP", "NET_30", "", "R", 66.929, 62, 43.308, 43.308, 0],
		[94, "J3_1", 1611.685, -2174.071, "B", "DIP", "NET_30", "", "R", 66.929, 62, 43.308, 43.308, 0],
		[95, "J3_2", 1711.685, -2174.071, "T", "DIP", "NET_31", "", "C", 66.929, 66.929, 43.308, 43.308, 0],
		[96, "J3_2", 1711.685, -2174.071, "B", "DIP", "NET_31", "", "C", 66.929, 66.929, 43.308, 43.308, 0],
		[97, "J3_3", 1811.685, -2174.071, "T", "DIP", "NET_32", "", "C", 66.929, 66.929, 43.308, 43.308, 0],
		[98, "J3_3", 1811.685, -2174.071, "B", "DIP", "NET_32", "", "C", 66.929, 66.929, 43.308, 43.308, 0],
		[99, "J3_4", 1911.685, -2174.071, "T", "DIP", "NET_33", "", "C", 66.929, 66.929, 43.308, 43.308, 0],
		[100, "J3_4", 1911.685, -2174.071, "B", "DIP", "NET_33", "", "C", 66.929, 66.929, 43.308, 43.308, 0],
		[101, "J3_5", 2011.685, -2174.071, "T", "DIP", "NET_34", "", "C", 66.929, 66.929, 43.308, 43.308, 0],
		[102, "J3_5", 2011.685, -2174.071, "B", "DIP", "NET_34", "", "C", 66.929, 66.929, 43.308, 43.308, 0],
		[103, "J3_6", 2111.685, -2174.071, "T", "DIP", "NET_35", "", "C", 66.929, 66.929, 43.308, 43.308, 0],
		[104, "J3_6", 2111.685, -2174.071, "B", "DIP", "NET_35", "", "C", 66.929, 66.929, 43.308, 43.308, 0],
		[105, "J3_7", 2211.685, -2174.071, "T", "DIP", "NET_36", "", "C", 66.929, 66.929, 43.308, 43.308, 0],
		[106, "J3_7", 2211.685, -2174.071, "B", "DIP", "NET_36", "", "C", 66.929, 66.929, 43.308, 43.308, 0],
		[107, "J3_8", 2311.685, -2174.071, "T", "DIP", "NET_37", "", "C", 66.929, 66.929, 43.308, 43.308, 0],
		[108, "J3_8", 2311.685, -2174.071, "B", "DIP", "NET_37", "", "C", 66.929, 66.929, 43.308, 43.308, 0],
		[109, "J3_9", 2411.685, -2174.071, "T", "DIP", "NET_38", "", "C", 66.929, 66.929, 43.308, 43.308, 0],
		[110, "J3_9", 2411.685, -2174.071, "B", "DIP", "NET_38", "", "C", 66.929, 66.929, 43.308, 43.308, 0],
		[111, "J3_10", 2511.685, -2174.071, "T", "DIP", "NET_39", "", "C", 66.929, 66.929, 43.308, 43.308, 0],
		[112, "J3_10", 2511.685, -2174.071, "B", "DIP", "NET_39", "", "C", 66.929, 66.929, 43.308, 43.308, 0],
		[113, "J3_11", 2611.685, -2174.071, "T", "DIP", "NET_40", "", "C", 66.929, 66.929, 43.308, 43.308, 0],
		[114, "J3_11", 2611.685, -2174.071, "B", "DIP", "NET_40", "", "C", 66.929, 66.929, 43.308, 43.308, 0],
		[115, "J3_12", 2711.685, -2174.071, "T", "DIP", "NET_41", "", "C", 66.929, 66.929, 43.308, 43.308, 0],
		[116, "J3_12", 2711.685, -2174.071, "B", "DIP", "NET_41", "", "C", 66.929, 66.929, 43.308, 43.308, 0],
		[117, "J3_13", 2811.685, -2174.071, "T", "DIP", "NET_42", "", "C", 66.929, 66.929, 43.308, 43.308, 0],
		[118, "J3_13", 2811.685, -2174.071, "B", "DIP", "NET_42", "", "C", 66.929, 66.929, 43.308, 43.308, 0],
		[119, "J3_14", 2911.685, -2174.071, "T", "DIP", "NET_43", "", "C", 66.929, 66.929, 43.308, 43.308, 0],
		[120, "J3_14", 2911.685, -2174.071, "B", "DIP", "NET_43", "", "C", 66.929, 66.929, 43.308, 43.308, 0],
		[121, "J3_15", 3011.685, -2174.071, "T", "DIP", "NET_44", "", "C", 66.929, 66.929, 43.308, 43.308, 0],
		[122, "J3_15", 3011.685, -2174.071, "B", "DIP", "NET_44", "", "C", 66.929, 66.929, 43.308, 43.308, 0],
		[123, "J4_1", 64, -2174.071, "T", "DIP", "NET_45", "", "R", 66.929, 62, 43.308, 43.308, 0],
		[124, "J4_1", 64, -2174.071, "B", "DIP", "NET_45", "", "R", 66.929, 62, 43.308, 43.308, 0],
		[125, "J4_2", 164, -2174.071, "T", "DIP", "NET_46", "", "C", 66.929, 66.929, 43.308, 43.308, 0],
		[126, "J4_2", 164, -2174.071, "B", "DIP", "NET_46", "", "C", 66.929, 66.929, 43.308, 43.308, 0],
		[127, "J4_3", 264, -2174.071, "T", "DIP", "NET_47", "", "C", 66.929, 66.929, 43.308, 43.308, 0],
		[128, "J4_3", 264, -2174.071, "B", "DIP", "NET_47", "", "C", 66.929, 66.929, 43.308, 43.308, 0],
		[129, "J4_4", 364, -2174.071, "T", "DIP", "NET_48", "", "C", 66.929, 66.929, 43.308, 43.308, 0],
		[130, "J4_4", 364, -2174.071, "B", "DIP", "NET_48", "", "C", 66.929, 66.929, 43.308, 43.308, 0],
		[131, "J4_5", 464, -2174.071, "T", "DIP", "NET_49", "", "C", 66.929, 66.929, 43.308, 43.308, 0],
		[132, "J4_5", 464, -2174.071, "B", "DIP", "NET_49", "", "C", 66.929, 66.929, 43.308, 43.308, 0],
		[133, "J4_6", 564, -2174.071, "T", "DIP", "NET_50", "", "C", 66.929, 66.929, 43.308, 43.308, 0],
		[134, "J4_6", 564, -2174.071, "B", "DIP", "NET_50", "", "C", 66.929, 66.929, 43.308, 43.308, 0],
		[135, "J4_7", 664, -2174.071, "T", "DIP", "NET_51", "", "C", 66.929, 66.929, 43.308, 43.308, 0],
		[136, "J4_7", 664, -2174.071, "B", "DIP", "NET_51", "", "C", 66.929, 66.929, 43.308, 43.308, 0],
		[137, "J4_8", 764, -2174.071, "T", "DIP", "NET_52", "", "C", 66.929, 66.929, 43.308, 43.308, 0],
		[138, "J4_8", 764, -2174.071, "B", "DIP", "NET_52", "", "C", 66.929, 66.929, 43.308, 43.308, 0],
		[139, "J4_9", 864, -2174.071, "T", "DIP", "NET_53", "", "C", 66.929, 66.929, 43.308, 43.308, 0],
		[140, "J4_9", 864, -2174.071, "B", "DIP", "NET_53", "", "C", 66.929, 66.929, 43.308, 43.308, 0],
		[141, "J4_10", 964, -2174.071, "T", "DIP", "NET_54", "", "C", 66.929, 66.929, 43.308, 43.308, 0],
		[142, "J4_10", 964, -2174.071, "B", "DIP", "NET_54", "", "C", 66.929, 66.929, 43.308, 43.308, 0],
		[143, "J4_11", 1064, -2174.071, "T", "DIP", "NET_55", "", "C", 66.929, 66.929, 43.308, 43.308, 0],
		[144, "J4_11", 1064, -2174.071, "B", "DIP", "NET_55", "", "C", 66.929, 66.929, 43.308, 43.308, 0],
		[145, "J4_12", 1164, -2174.071, "T", "DIP", "NET_56", "", "C", 66.929, 66.929, 43.308, 43.308, 0],
		[146, "J4_12", 1164, -2174.071, "B", "DIP", "NET_56", "", "C", 66.929, 66.929, 43.308, 43.308, 0],
		[147, "J4_13", 1264, -2174.071, "T", "DIP", "NET_57", "", "C", 66.929, 66.929, 43.308, 43.308, 0],
		[148, "J4_13", 1264, -2174.071, "B", "DIP", "NET_57", "", "C", 66.929, 66.929, 43.308, 43.308, 0],
		[149, "J4_14", 1364, -2174.071, "T", "DIP", "NET_58", "", "C", 66.929, 66.929, 43.308, 43.308, 0],
		[150, "J4_14", 1364, -2174.071, "B", "DIP", "NET_58", "", "C", 66.929, 66.929, 43.308, 43.308, 0],
		[151, "J4_15", 1464, -2174.071, "T", "DIP", "NET_59", "", "C", 66.929, 66.929, 43.308, 43.308, 0],
		[152, "J4_15", 1464, -2174.071, "B", "DIP", "NET_59", "", "C", 66.929, 66.929, 43.308, 43.308, 0],
		[153, "U1_1", 770, -395, "T", "DIP", "$1N5261", "", "C", 60, 60, 36, 36, 90],
		[154, "U1_1", 770, -395, "B", "DIP", "$1N5261", "", "C", 60, 60, 36, 36, 90],
		[155, "U1_2", 870, -395, "T", "DIP", "NET_60", "", "C", 60, 60, 36, 36, 90],
		[156, "U1_2", 870, -395, "B", "DIP", "NET_60", "", "C", 60, 60, 36, 36, 90],
		[157, "U1_3", 970, -395, "T", "DIP", "$1N5150", "", "C", 60, 60, 36, 36, 90],
		[158, "U1_3", 970, -395, "B", "DIP", "$1N5150", "", "C", 60, 60, 36, 36, 90],
		[159, "U1_4", 1070, -395, "T", "DIP", "$1N5156", "", "C", 60, 60, 36, 36, 90],
		[160, "U1_4", 1070, -395, "B", "DIP", "$1N5156", "", "C", 60, 60, 36, 36, 90],
		[161, "U1_5", 1170, -395, "T", "DIP", "NET_61", "", "C", 60, 60, 36, 36, 90],
		[162, "U1_5", 1170, -395, "B", "DIP", "NET_61", "", "C", 60, 60, 36, 36, 90],
		[163, "U1_6", 1270, -395, "T", "DIP", "NET_62", "", "C", 60, 60, 36, 36, 90],
		[164, "U1_6", 1270, -395, "B", "DIP", "NET_62", "", "C", 60, 60, 36, 36, 90],
		[165, "U1_7", 1370, -395, "T", "DIP", "$1N5164", "", "C", 60, 60, 36, 36, 90],
		[166, "U1_7", 1370, -395, "B", "DIP", "$1N5164", "", "C", 60, 60, 36, 36, 90],
		[167, "U1_8", 1470, -395, "T", "DIP", "$1N5170", "", "C", 60, 60, 36, 36, 90],
		[168, "U1_8", 1470, -395, "B", "DIP", "$1N5170", "", "C", 60, 60, 36, 36, 90],
		[169, "U1_9", 1570, -395, "T", "DIP", "$1N5180", "", "C", 60, 60, 36, 36, 90],
		[170, "U1_9", 1570, -395, "B", "DIP", "$1N5180", "", "C", 60, 60, 36, 36, 90],
		[171, "U1_10", 1670, -395, "T", "DIP", "$1N5187", "", "C", 60, 60, 36, 36, 90],
		[172, "U1_10", 1670, -395, "B", "DIP", "$1N5187", "", "C", 60, 60, 36, 36, 90],
		[173, "U1_11", 1770, -395, "T", "DIP", "$1N5194", "", "C", 60, 60, 36, 36, 90],
		[174, "U1_11", 1770, -395, "B", "DIP", "$1N5194", "", "C", 60, 60, 36, 36, 90],
		[175, "U1_12", 1870, -395, "T", "DIP", "$1N5212", "", "C", 60, 60, 36, 36, 90],
		[176, "U1_12", 1870, -395, "B", "DIP", "$1N5212", "", "C", 60, 60, 36, 36, 90],
		[177, "U1_13", 1970, -395, "T", "DIP", "$1N5499", "", "C", 60, 60, 36, 36, 90],
		[178, "U1_13", 1970, -395, "B", "DIP", "$1N5499", "", "C", 60, 60, 36, 36, 90],
		[179, "U1_14", 2070, -395, "T", "DIP", "$1N5482", "", "C", 60, 60, 36, 36, 90],
		[180, "U1_14", 2070, -395, "B", "DIP", "$1N5482", "", "C", 60, 60, 36, 36, 90],
		[181, "U1_15", 2170, -395, "T", "DIP", "$1N5476", "", "C", 60, 60, 36, 36, 90],
		[182, "U1_15", 2170, -395, "B", "DIP", "$1N5476", "", "C", 60, 60, 36, 36, 90],
		[183, "U1_16", 770, -1295, "T", "DIP", "$1N5233", "", "C", 60, 60, 36, 36, 90],
		[184, "U1_16", 770, -1295, "B", "DIP", "$1N5233", "", "C", 60, 60, 36, 36, 90],
		[185, "U1_17", 870, -1295, "T", "DIP", "NET_63", "", "C", 60, 60, 36, 36, 90],
		[186, "U1_17", 870, -1295, "B", "DIP", "NET_63", "", "C", 60, 60, 36, 36, 90],
		[187, "U1_18", 970, -1295, "T", "DIP", "NET_64", "", "C", 60, 60, 36, 36, 90],
		[188, "U1_18", 970, -1295, "B", "DIP", "NET_64", "", "C", 60, 60, 36, 36, 90],
		[189, "U1_19", 1070, -1295, "T", "DIP", "NET_65", "", "C", 60, 60, 36, 36, 90],
		[190, "U1_19", 1070, -1295, "B", "DIP", "NET_65", "", "C", 60, 60, 36, 36, 90],
		[191, "U1_20", 1170, -1295, "T", "DIP", "NET_66", "", "C", 60, 60, 36, 36, 90],
		[192, "U1_20", 1170, -1295, "B", "DIP", "NET_66", "", "C", 60, 60, 36, 36, 90],
		[193, "U1_21", 1270, -1295, "T", "DIP", "NET_67", "", "C", 60, 60, 36, 36, 90],
		[194, "U1_21", 1270, -1295, "B", "DIP", "NET_67", "", "C", 60, 60, 36, 36, 90],
		[195, "U1_22", 1370, -1295, "T", "DIP", "NET_68", "", "C", 60, 60, 36, 36, 90],
		[196, "U1_22", 1370, -1295, "B", "DIP", "NET_68", "", "C", 60, 60, 36, 36, 90],
		[197, "U1_23", 1470, -1295, "T", "DIP", "NET_69", "", "C", 60, 60, 36, 36, 90],
		[198, "U1_23", 1470, -1295, "B", "DIP", "NET_69", "", "C", 60, 60, 36, 36, 90],
		[199, "U1_24", 1570, -1295, "T", "DIP", "NET_70", "", "C", 60, 60, 36, 36, 90],
		[200, "U1_24", 1570, -1295, "B", "DIP", "NET_70", "", "C", 60, 60, 36, 36, 90],
		[201, "U1_25", 1670, -1295, "T", "DIP", "NET_71", "", "C", 60, 60, 36, 36, 90],
		[202, "U1_25", 1670, -1295, "B", "DIP", "NET_71", "", "C", 60, 60, 36, 36, 90],
		[203, "U1_26", 1770, -1295, "T", "DIP", "NET_72", "", "C", 60, 60, 36, 36, 90],
		[204, "U1_26", 1770, -1295, "B", "DIP", "NET_72", "", "C", 60, 60, 36, 36, 90],
		[205, "U1_27", 1870, -1295, "T", "DIP", "NET_73", "", "C", 60, 60, 36, 36, 90],
		[206, "U1_27", 1870, -1295, "B", "DIP", "NET_73", "", "C", 60, 60, 36, 36, 90],
		[207, "U1_28", 1970, -1295, "T", "DIP", "$1N5467", "", "C", 60, 60, 36, 36, 90],
		[208, "U1_28", 1970, -1295, "B", "DIP", "$1N5467", "", "C", 60, 60, 36, 36, 90],
		[209, "U1_29", 2070, -1295, "T", "DIP", "$1N5227", "", "C", 60, 60, 36, 36, 90],
		[210, "U1_29", 2070, -1295, "B", "DIP", "$1N5227", "", "C", 60, 60, 36, 36, 90],
		[211, "U1_30", 2170, -1295, "T", "DIP", "NET_74", "", "C", 60, 60, 36, 36, 90],
		[212, "U1_30", 2170, -1295, "B", "DIP", "NET_74", "", "C", 60, 60, 36, 36, 90],
		[213, "PAD1_1", 1270, -1520, "T", "DIP", "$1N5233", "", "R", 70.866, 70.866, 39.3701, 43.308, 180],
		[214, "PAD1_1", 1270, -1520, "B", "DIP", "$1N5233", "", "R", 70.866, 70.866, 39.3701, 43.308, 180],
		[215, "PAD2_2", 1170, -1520, "T", "DIP", "$1N5467", "", "C", 70.866, 70.866, 39.3701, 43.308, 180],
		[216, "PAD2_2", 1170, -1520, "B", "DIP", "$1N5467", "", "C", 70.866, 70.866, 39.3701, 43.308, 180],
		[217, "PAD3_3", 1070, -1520, "T", "DIP", "$1N5476", "", "C", 70.866, 70.866, 39.3701, 43.308, 180],
		[218, "PAD3_3", 1070, -1520, "B", "DIP", "$1N5476", "", "C", 70.866, 70.866, 39.3701, 43.308, 180],
		[219, "PAD4_4", 970, -1520, "T", "DIP", "$1N5482", "", "C", 70.866, 70.866, 39.3701, 43.308, 180],
		[220, "PAD4_4", 970, -1520, "B", "DIP", "$1N5482", "", "C", 70.866, 70.866, 39.3701, 43.308, 180],
		[221, "PAD5_5", 870, -1520, "T", "DIP", "$1N5499", "", "C", 70.866, 70.866, 39.3701, 43.308, 180],
		[222, "PAD5_5", 870, -1520, "B", "DIP", "$1N5499", "", "C", 70.866, 70.866, 39.3701, 43.308, 180],
		[223, "PAD6_6", 770, -1520, "T", "DIP", "$1N5261", "", "C", 70.866, 70.866, 39.3701, 43.308, 180],
		[224, "PAD6_6", 770, -1520, "B", "DIP", "$1N5261", "", "C", 70.866, 70.866, 39.3701, 43.308, 180],
		[225, "PAD7_19", 870, -805, "T", "DIP", "$1N5212", "", "C", 70.866, 70.866, 39.3701, 47.244, 180],
		[226, "PAD7_19", 870, -805, "B", "DIP", "$1N5212", "", "C", 70.866, 70.866, 39.3701, 47.244, 180],
		[227, "PAD8_18", 970, -805, "T", "DIP", "$1N5261", "", "C", 70.866, 70.866, 39.3701, 47.244, 180],
		[228, "PAD8_18", 970, -805, "B", "DIP", "$1N5261", "", "C", 70.866, 70.866, 39.3701, 47.244, 180],
		[229, "PAD9_5", 2270, -805, "T", "DIP", "$1N5227", "", "C", 70.866, 70.866, 39.3701, 47.244, 180],
		[230, "PAD9_5", 2270, -805, "B", "DIP", "$1N5227", "", "C", 70.866, 70.866, 39.3701, 47.244, 180],
		[231, "PAD10_2", 2570, -805, "T", "DIP", "$1N5233", "", "C", 70.866, 70.866, 39.3701, 47.244, 180],
		[232, "PAD10_2", 2570, -805, "B", "DIP", "$1N5233", "", "C", 70.866, 70.866, 39.3701, 47.244, 180],
		[233, "PAD11_20", 770, -95, "T", "DIP", "$1N5150", "", "C", 70.866, 70.866, 39.3701, 47.244, 180],
		[234, "PAD11_20", 770, -95, "B", "DIP", "$1N5150", "", "C", 70.866, 70.866, 39.3701, 47.244, 180],
		[235, "PAD12_17", 1070, -95, "T", "DIP", "$1N5156", "", "C", 70.866, 70.866, 39.3701, 47.244, 180],
		[236, "PAD12_17", 1070, -95, "B", "DIP", "$1N5156", "", "C", 70.866, 70.866, 39.3701, 47.244, 180],
		[237, "PAD13_16", 1170, -95, "T", "DIP", "$1N5164", "", "C", 70.866, 70.866, 39.3701, 47.244, 180],
		[238, "PAD13_16", 1170, -95, "B", "DIP", "$1N5164", "", "C", 70.866, 70.866, 39.3701, 47.244, 180],
		[239, "PAD14_15", 1270, -95, "T", "DIP", "$1N5170", "", "C", 70.866, 70.866, 39.3701, 47.244, 180],
		[240, "PAD14_15", 1270, -95, "B", "DIP", "$1N5170", "", "C", 70.866, 70.866, 39.3701, 47.244, 180],
		[241, "PAD15_14", 1370, -95, "T", "DIP", "$1N5180", "", "C", 70.866, 70.866, 39.3701, 47.244, 180],
		[242, "PAD15_14", 1370, -95, "B", "DIP", "$1N5180", "", "C", 70.866, 70.866, 39.3701, 47.244, 180],
		[243, "PAD16_12", 1570, -95, "T", "DIP", "$1N5187", "", "C", 70.866, 70.866, 39.3701, 47.244, 180],
		[244, "PAD16_12", 1570, -95, "B", "DIP", "$1N5187", "", "C", 70.866, 70.866, 39.3701, 47.244, 180],
		[245, "PAD17_11", 1670, -95, "T", "DIP", "$1N5194", "", "C", 70.866, 70.866, 39.3701, 47.244, 180],
		[246, "PAD17_11", 1670, -95, "B", "DIP", "$1N5194", "", "C", 70.866, 70.866, 39.3701, 47.244, 180],
		[247, "PAD18_1", 770, -395, "T", "DIP", "$1N5261", "", "C", 60, 60, 36, 36, 90],
		[248, "PAD18_1", 770, -395, "B", "DIP", "$1N5261", "", "C", 60, 60, 36, 36, 90],
		[249, "PAD19_3", 970, -395, "T", "DIP", "$1N5150", "", "C", 60, 60, 36, 36, 90],
		[250, "PAD19_3", 970, -395, "B", "DIP", "$1N5150", "", "C", 60, 60, 36, 36, 90],
		[251, "PAD20_4", 1070, -395, "T", "DIP", "$1N5156", "", "C", 60, 60, 36, 36, 90],
		[252, "PAD20_4", 1070, -395, "B", "DIP", "$1N5156", "", "C", 60, 60, 36, 36, 90],
		[253, "PAD21_7", 1370, -395, "T", "DIP", "$1N5164", "", "C", 60, 60, 36, 36, 90],
		[254, "PAD21_7", 1370, -395, "B", "DIP", "$1N5164", "", "C", 60, 60, 36, 36, 90],
		[255, "PAD22_8", 1470, -395, "T", "DIP", "$1N5170", "", "C", 60, 60, 36, 36, 90],
		[256, "PAD22_8", 1470, -395, "B", "DIP", "$1N5170", "", "C", 60, 60, 36, 36, 90],
		[257, "PAD23_9", 1570, -395, "T", "DIP", "$1N5180", "", "C", 60, 60, 36, 36, 90],
		[258, "PAD23_9", 1570, -395, "B", "DIP", "$1N5180", "", "C", 60, 60, 36, 36, 90],
		[259, "PAD24_10", 1670, -395, "T", "DIP", "$1N5187", "", "C", 60, 60, 36, 36, 90],
		[260, "PAD24_10", 1670, -395, "B", "DIP", "$1N5187", "", "C", 60, 60, 36, 36, 90],
		[261, "PAD25_11", 1770, -395, "T", "DIP", "$1N5194", "", "C", 60, 60, 36, 36, 90],
		[262, "PAD25_11", 1770, -395, "B", "DIP", "$1N5194", "", "C", 60, 60, 36, 36, 90],
		[263, "PAD26_12", 1870, -395, "T", "DIP", "$1N5212", "", "C", 60, 60, 36, 36, 90],
		[264, "PAD26_12", 1870, -395, "B", "DIP", "$1N5212", "", "C", 60, 60, 36, 36, 90],
		[265, "PAD27_13", 1970, -395, "T", "DIP", "$1N5499", "", "C", 60, 60, 36, 36, 90],
		[266, "PAD27_13", 1970, -395, "B", "DIP", "$1N5499", "", "C", 60, 60, 36, 36, 90],
		[267, "PAD28_14", 2070, -395, "T", "DIP", "$1N5482", "", "C", 60, 60, 36, 36, 90],
		[268, "PAD28_14", 2070, -395, "B", "DIP", "$1N5482", "", "C", 60, 60, 36, 36, 90],
		[269, "PAD29_15", 2170, -395, "T", "DIP", "$1N5476", "", "C", 60, 60, 36, 36, 90],
		[270, "PAD29_15", 2170, -395, "B", "DIP", "$1N5476", "", "C", 60, 60, 36, 36, 90],
		[271, "PAD30_16", 770, -1295, "T", "DIP", "$1N5233", "", "C", 60, 60, 36, 36, 90],
		[272, "PAD30_16", 770, -1295, "B", "DIP", "$1N5233", "", "C", 60, 60, 36, 36, 90],
		[273, "PAD31_28", 1970, -1295, "T", "DIP", "$1N5467", "", "C", 60, 60, 36, 36, 90],
		[274, "PAD31_28", 1970, -1295, "B", "DIP", "$1N5467", "", "C", 60, 60, 36, 36, 90],
		[275, "PAD32_29", 2070, -1295, "T", "DIP", "$1N5227", "", "C", 60, 60, 36, 36, 90],
		[276, "PAD32_29", 2070, -1295, "B", "DIP", "$1N5227", "", "C", 60, 60, 36, 36, 90]
	]
}
}